rna,sequence,dot_bracket
00002_cppc_0001137,GCCGGCCGGGGGCCCCUAUGGCGGGGCCUGCACGAAGCCCCGCCAAGGCCGGCCGAAAGGCCGGCCUUAGGGGCCCCCGGCCGGCUUAGGGCAGAUAUGGCCGCCGAAAGGCGGCCAAAAGCCGGGCGCCGGCGCCUAUGGCGGGGCCUGCCCAAAGCCCCGCCAGGGCCGGCCGAAAGGCCGGCCUUAGGCGCCGGCGCCCGGCUUAGUGCUGUUAUGGCCGGCGAAAGCCGGCCAAAA,((((((((((((((((((.((((((((..((((.(()))))))).(((((((((....)))))))))))))))))))))))))))((.((((....(.(((((((....))))))).)..((((((((((((((((((.((((((((..)))).)))))))))).(((((((((....))))))))))))))))))))))))))))).))))..(.(.(((((((....))))))).).)
00001_cppc_0000195,GGCGGGGACCCGCCGCCAAAGCGCGGGUUGGCAUCCCCCGCGCACCCCCCGACAGACAUGUCGGGGAACGCGGCGGGUCCCCGCCAAAUGCCAAAAAGUUGCGCUGAAAAGCGCAACACCGGCGGGGCCCCGCGGCCAAAGCGUGGGUUGGCAUUCCCCACGCACCCCCCGGCAGACAUGCCGGGGACCGCCGCGGGGCCCCGCCAAAUGCCUAAAAGUUGCCCCGAAAGGGGCAACACC,((((((((((((((((....(((((((..(((((..))())))...((((((((....))))))))...)))))))))))))))).((((((.....((((((((...)))))))))...((((((((((((((((....(((((((..)))))).))(()))...((((((((....))))))))...))))))))))))))))..)))))...(.((((((((..)))))))))).).
00001_cppc_0000780,GCCCGGCACAACGACCUAAGGGCCGGCCAGCCCCAGGCCGGCCCGGGGGCGGCCGAAAGGCCGCCCCUUGGUCGUUGUGCCGGGCGUGGGGCUAAAAGCUGGGCCGAAAGGCCCAGCGAAACUCGGCUCGACGACCUAAGGGGCCACCAGCCCCAGGUGGCCCCGGGGGGCGGCGAAAGCCGCCCCCUUGGUCGUCGAGCCGAGUGUGGGGCUAAAAGCCGGGCCGAAAGGCCCGGCGAA,((((((((((((((((...(((((((((.(((((())))))))).(((((((((....)))))))))..)))))))))))))))).((((((....(((((((((....))))))))).(.((((((((((((((((..(((((((((.))))))))))))))).(((((((((....))))))))).))))))))))))))))..))))))....(((((((((....)))))))))..
00001_cppc_0000964,GCCCCGCCGGACCCCCUGAACAGGGGUGCGCCCCAAACCCCUGCUAGCUCGGGCGAAAGCCCGAGCGAGGGGGGUCCGGCGGGGUGAGGGGCACAGUCCGCGGCCGAAAGGCCGCGGUGGAGUUCGCUGGACCCCCUUGUGGCCGGUGAGCCCCAUACCGGCCCUAGCUUGGGCGAAAGCCCAAGCGAGGGGGGUCCAGCGAACUGAGGGGCACAGUCCCUGCCCGACAGGGCAGGGCGG,.(((((((((((((((...((((((((..(((((..)))())))..((((((((....))))))))...)))))))))))))))...(((((.....((((((((...)))))))))...((((((((((((((((....(((((((.))))))..)))()))..(((((((((....)))))))))..))))))))))))))))..))))).....((((((((...)))))))))...
00001_cppc_0000014,GCCGCUUGCGGGGCGAAUUUGGGCAGGUAGGCCGAGCCUGCCCAUUGCCCGGCCGAAAGGCCGGGCUAUUCGCCCCGCAAGCGGCUACGGCCAAUAAGCGCGGCCGAAAGGCCGCGUGAAACCGCAUGCGGCGGGAAUUUGGGCAAGUGGGCCGAGCUUGCCCAUUGGCCAGCCGAAAGGCUGGCCUAUUCCCGCCGCAUGCGGUAACGGCCAAUAAGCGCGGCCGAAAGGCCGCGCGAA,((((((((((((((((((.(((((((((.(((((.)))))))))..((((((((....)))))))).))))))))))))))))))(.)))))....(((((((((....)))))))))...(((((((((((((((((.((((((((..(((((..))))))))..((((((((....)))))))).)))))))))))))))))...)))))....(((((((((....))))))))).)
00001_cppc_0000214,AGGGGAUAGCGGCCGCGAACCCGGGUGGAGGGCCACCACCCGGGCGCCGUGCGCGAAAGCGCACGGCGAGCGGCCGCUAUCCCCUUAGGCCCAUAAAGCCCCCCCGAAAGGGGGGGCGAGAGGCGGCCGCGGCGGCGAAGCCGGGCAGAGGGCCACUGCCCGGCAGCGCUGGGCGAAAGCCCAGCGUGAGCCGCCGCGGCCGCCUUAGGCCCAUAAAGCCCCCCCGAAAGGGGGGGUGAG,((((((((((((((((...(((((((((.(((((.)))))))))((((((((((....)))))))))).))))))))))))))))..(((((....(((((((((..(()))))))))..((((((((((((((((.(.(((((((((.))))).))))))))).(((((((((....)))))))))..))))))))))))))))..)))))....(((((((((....)))))))))..
00001_cppc_0000995,GCCCACCCGGGUCCCUUAAAGCCCGGGGAGGGGGUCCCCGGGCGAGCCCGGGGCGAAAGCCCCGGGGAAGGGGACCCGGGUGGGUCGGCCCCUAGGCCGGGGGGCGAAAGCCCCCCGUAAGCGGGCCCGAGGCCCCGAUAGCCCGGGCAGGGGCCGCCCGGGCGAGCCCGGGGCGAAAGCCCCGGGGAAGGGGCCUCGGGCCCGUUACCCCCUAGGCCGGGGGCCGAAAGGCCCCCGUUG,((((((((((((((((....((((((((.(((((())))))))...((((((((....))))))))...)))))))))))))))).((((((..(((((((((((....)))))))...(.(((((((((((((((....((((((((.))))))))))))))...((((((((....))))))))...))))))))))))))).)))))))..))))(((((((....)))))))....
00001_cppc_0000402,GCGGCCGCGGGGGCGGCUUAGCCCGGGAGGGCCGAACCCGGGCUUAGCUUCGGCGAAAGCCGAAGCGAGCCGCCCCCGCGGCCGCGAACCCCCAAAGGCGUGGCCGAAAGGCCACGCCUAGGCGCCACAGAAGCCGCUUUCCCCAGAAGGGGGUAAUCUGGGGUUAGCUCCGGCGAAAGCCGGAGCGAGCGGCUUCUGUGGCGCCUAAGGCCCAAGGGCGGGGCCGAAAGGCCCCGCCUA,((((((((((((((((((.((((((((.(((((...))))))))..((((((((....)))))))).))))))))))))))))))..((((((..((((((((((.(..))))))))))(((((((((((((((((((.((((((((.))))))..))))))))..((((((((....)))))))).)))))))))))))))))))..)))))..((((((((((...))))))))))).
00001_cppc_0000574,GGCGCUGGCGGGCGGGCUUGGGGAGGGGUGCCCUAGCCCUCCCGAAGCGCCGCCGAAAGGCGGCGUUGGCCCGCCCGCCAGCGCUACGGGGCAACGAGGCUGGCCGAAAGGCCAGCUGAGGGCGUUGGCGGGCGGGCUAGGGGAGGAUAGCCCUAGCCCUCCCGAGGCGCGGGCGAAAGCCCGCGUUGGCCCGCCCGCCAACGCUAUGGGGUAACGAGGCCGGCCGAAAGGCCGGCUGAG,.((((((((((((((((...(((((((...(((.(.)))()))..(((((((((....))))))))).))))))))))))))))....((((..(((.(((((((..(())))))).))).((((((((((((((((...((((((...))))....))))))...((((((((....))))))))..))))))))))))))))..).)))...(((.(((((((..).))))))).)))
00001_cppc_0000100,AGUGCGGGGAGUGGGGCGAAAGGCGAACUUGGCCCGUUCGCCUAUGGGGGGGGCGAAAGCCCCCCCCCGCCCCACUCCCCGCACUGGGGCUAAAAUAACCGGGUCGAAAGACCCGGAGAAAAUGGGGGGAGCGGGGCGAAAGGCGGACAUAGCCCGUCCGCCUAUUGGGCGGGCGAAAGCCCGCCCACGCCCCGCUCCCCCCAUUGGGGCCAUUAUUUCGGGGCCGAAAGGCCCCGAGAA,((((((((((((((((((..((((((((..((((())))))))..(((((((((....))))))))))))))))))))))))))).(((((..(((.((((((((....))))))))...((((((((((((((((((..((((((((..)))))))))))))..(((((((((....))))))))))))))))))))))))))).)))))))).(.((((((((....)))))))).).
